date,BTC,ETH,SOL,VT,SUSA,SUSC,EEM,IWDA.AS,SPYG,LQD,AGGG.L
2024-10-05,-0.0006348775847465626,3.3134114470145803e-05,-0.004398826979472137,,,,,,,,
2024-10-06,0.012241002564169046,0.010490741392663594,0.027281015498983097,,,,,,,,
2024-10-07,-0.009720930425088925,-0.007443111023673787,-0.017340251228836645,-0.0060246004518450524,-0.0075257128522452366,-0.0038281582305401685,0.008303172237598577,0.003083564600678379,-0.010502172863351089,-0.005111190817790434,-0.0005672149744752053
2024-10-08,-0.0012581936930188276,0.007350269234581042,-0.0037515631513129755,0.0016836434043268067,0.009689106074648235,0.002134927412467791,-0.024704391891891886,-0.0005123475765959062,0.015127485665487272,0.0019828751689949797,0.00011350737797943822
2024-10-09,-0.024850125607634777,-0.029030777050847,-0.02921896792189682,0.003949911757290536,0.007343124165553938,-0.001704303365999138,-0.005412426932236425,0.007330326020094313,0.006970316067780535,-0.0019789511558874207,-0.0020429009193054792
2024-10-10,-0.004931635563109382,0.006611332989960639,-0.001867681919402453,-0.0015904905407667647,-0.003147779986746202,-0.0008536064874092864,0.0019590770570310223,0.002188183807439792,-0.0008354218880535225,-0.001081568273997302,0.0005686341407939999
2024-10-11,0.037147270391789666,0.02283669977184255,0.046851385390428435,0.006875157206338578,0.005484460694698434,-0.00042716787697572034,0.007169237453834354,0.0036559358180157098,0.0021500238891543066,-0.00018045655508436287,0.0003409865878609697
2024-10-12,0.010696311106668022,0.01517978325139313,0.006118520555479012,,,,,,,,
2024-10-13,-0.005415155884544776,-0.0032797612075337046,0.009156132558933994,,,,,,,,
2024-10-14,0.0512424954610764,0.06527209878144147,0.06655833164059866,0.004996252810392177,0.00892561983471074,0.00042735042735042583,-0.004098360655737654,0.008044116159060977,0.009654350417163116,9.024456276507387e-05,-0.00431769117145786
2024-10-15,0.014999474008051239,-0.008410873650493977,-0.017775520568816705,-0.010274256359267486,-0.008191349934469239,0.003844510892780928,-0.021225904266840012,-0.0024090338770388353,-0.0115688820682327,0.004872766648619464,0.00353760127810121
2024-10-16,0.008229465854218576,0.0015000211000408825,-0.0031023784901756946,0.00493930514859775,0.004459861248761188,0.002553191489361728,0.007745076344324087,,0.0019109040965006319,0.003142959770114917,0.002729133500113612
2024-10-17,-0.0030485838750310412,-0.0021566419208286502,-0.024636929460580936,-0.0004998333888703854,-0.0019733596447953916,-0.005093378607809784,-0.0015371102327623731,0.008552598480656037,0.0015496483490284874,-0.00742995255572465,-0.00408255840326599
2024-10-18,0.015189089160567493,0.014230817955322994,0.029779314012230662,0.004917486247707936,0.002718734552644486,-0.0012798634812287712,0.009896635144051036,-0.0010974210605078083,0.005474886931682965,-0.0011724386724386582,0.001138692780687789
2024-10-19,-0.000911640308063788,0.002267238964715812,0.030919184095016927,,,,,,,,
2024-10-20,0.009524494933205174,0.03710389468158626,0.047961930999937286,,,,,,,,
2024-10-21,-0.024178995653979518,-0.02944774999817923,-0.0074087351377188915,-0.005142241021812932,-0.003697313285679016,-0.008543357539512964,-0.006968641114982632,-0.004094881398252204,0.0040246212121211045,-0.010203160270880307,-0.006938125568698772
2024-10-22,0.000503814991651419,-0.0166994953758417,0.008126166255342238,-0.0024176740308462508,-0.004040903842982058,0.0008616975441619878,-0.002192982456140413,0.0014541443112872088,0.0002357934449424004,-9.12242291553067e-05,-0.0006872065055549825
2024-10-23,-0.011560835190459917,-0.03773599304039932,0.018927633150227052,-0.008691291993982886,-0.007452181833236704,-0.0034438226431339203,-0.00593406593406598,-0.0036551171640295532,-0.015087223008015127,-0.003375604415655542,-0.0034383954154727503
2024-10-24,0.0233589199939761,0.0047780676780573295,0.0376208614122473,0.002613387287135449,0.003420372069742106,0.0025917926565874883,-0.0015476453681184665,-0.001055329413538364,0.0058640497845858786,0.003020871475649889,0.002185163887291619
2024-10-25,-0.023362732192396263,-0.0386662930792937,-0.0704241260518439,-0.0016816614815438058,-0.00033255736614568043,-0.0021542438604050806,-0.0008857395925597755,0.003420867290471863,0.005116002379536022,-0.002372912293510887,0.001262336470048142
2024-10-26,0.006731064346451321,0.01784885940533898,0.03681652490887011,,,,,,,,
2024-10-27,0.013887396631318216,0.010163380372576691,0.033868510488690884,,,,,,,,
2024-10-28,0.029161274294009498,0.024342333781825154,0.009975062344139696,0.005221932114882533,0.001663339986693213,-0.0008635578583764403,0.004432624113475336,-0.0007018951168155096,0.0014204545454543638,-0.0008233464458878847,-0.0034383954154727503
2024-10-29,0.040041044269176096,0.02813700958038079,0.006677890011223431,-0.0008378718056136769,0.001909664563268132,0.0008643042350906516,-0.0030891438658429138,0.001103752759381793,0.007446808510638503,0.0011902581944698287,-0.0020701552616446683
2024-10-30,-0.00552002183587752,0.007699452205394586,-0.025307988182172836,-0.003689727463312309,-0.004557885141294404,-0.0012953367875647714,-0.009738822487826426,-0.004811065450536112,-0.0043411944151120485,-0.0012802926383173041,0.002765932926126702
2024-10-31,-0.02938322033778784,-0.05391699521473492,-0.03671718615956532,-0.01447689588418477,-0.017649017649017718,-0.0012970168612190802,-0.006481895395619164,-0.017524423406183987,-0.029342446382276677,-0.002014467539602549,-0.0008045052292839916
2024-11-01,-0.010406874400533561,-0.001817213023492581,-0.01430861485483581,0.004014006319924768,0.004576271186440772,-0.007792207792207795,0.000899887514060671,0.007790876473603436,0.007162801991015932,-0.008991650610147617,-0.0016103059581321633
2024-11-02,-0.0015597268872874492,-0.006704458086181919,0.0006023370678231998,,,,,,,,
2024-11-03,-0.00894996376818924,-0.014786800564681735,-0.022032265831928743,,,,,,,,
2024-11-04,-0.013539782403316436,-0.024249258111920358,-0.028314662070663466,-0.0005103776794828097,0.000759237388223255,0.005235602094240788,0.005619240278714299,-0.008493540840199487,-0.003134040501446389,0.007406721599851895,0.0027649769585254003
2024-11-05,0.023201717568622326,0.0105298289528577,0.05561890282528803,0.012085106382978772,0.011885695018123643,0.004340277777777901,0.013634331694233337,0.00528340600153876,0.013784764207980693,0.004778972520907976,-0.0013786764705883137
2024-11-06,0.09031066695320167,0.12469036924499655,0.12073931829092666,0.013118062563067578,0.020326557814061896,-0.00821089023336219,-0.012348401323043046,0.03061536891519534,0.026001908396946494,-0.010427147169120965,-0.010469397146801618
2024-11-07,0.0036148376892271017,0.06364273732045644,0.05183122724352107,0.010541168658698474,0.010205747877204407,0.009150326797385588,0.022103148024112507,0.006535300524804555,0.015461520576609988,0.011831037988723647,0.008836181839320778
2024-11-08,0.0085185721812433,0.02292892516349454,0.018071675829769873,-0.0027926078028748247,0.00654651256768779,0.0021588946459412117,-0.024683267802533937,0.006886374815543439,0.0027475672581569466,0.0034712706677628713,0.00046098882102096894
2024-11-09,0.001950324899600675,0.05528846964835732,5.000250012487939e-05,,,,,,,,
2024-11-10,0.0483974281265227,0.01857434694066762,0.05109999999999992,,,,,,,,
2024-11-11,0.10371654872401614,0.05954357562765411,0.05803444011036052,0.0011531175356231937,0.0032921149831379726,-0.0012925463162430928,-0.007614781634938339,0.011187103077674676,-0.0012558511245576165,-0.001911697769685916,-0.005298928694850713
2024-11-12,-0.0082831356687052,-0.03808601271409873,-0.04743278482150881,-0.00798025503907851,-0.005282112845138021,-0.007333908541846346,-0.018957345971564066,-0.00367167496014309,0.00022862368541365363,-0.00902955125866467,-0.0035900405327157214
2024-11-13,0.027925007011381897,-0.01717166429026773,0.016944352669089557,-0.002073312323768506,0.0008850269530935595,-0.0026075619295958807,-0.006441223832528209,0.0035882267371381005,-0.00022857142857135582,-0.0037735849056604875,-0.002789400278939924
2024-11-14,-0.034846799483102986,-0.0414889783640664,-0.02729044834307992,-0.005152497299094172,-0.006752411575562722,-0.0004357298474945148,-0.005556841861541928,-0.0005797941730686373,-0.0065157750342936804,-0.00027716186252768615,0.0015151515151514694
2024-11-15,0.04256861658522304,0.010369266175009217,0.042704456532111745,-0.009940690000835306,-0.012949174490126336,0.0013077593722754521,,-0.01242446217065507,-0.020135772638361527,0.0004620645042048288,-0.0033748399860351608
2024-11-16,-0.00463570835231375,0.014070972835160234,-0.012446803642520488,,,,,,,,
2024-11-17,-0.008269870859603179,-0.018332934513838994,0.10064408507483424,,,,,,,,
2024-11-18,0.007048985784213535,0.043038361409130976,0.010146086810087107,0.005906176172797872,0.005083633978353541,0.0008707009142359112,0.01140861466821863,0.002594478167221359,0.00352278064819167,0.0018474043968224052,-0.00046707146193358806
2024-11-19,0.02116199349759107,-0.030384424827293977,-0.008127031757939385,0.0026002348599227787,0.0007342143906021725,0.0017398869073510514,-0.0006906077348066697,-0.0012206435232654522,0.009946173648490708,0.0021205974552831464,0.004672897196261516
2024-11-20,0.021174243034821183,-0.012681171064048646,-0.009706290180259702,-0.00025098301681591995,0.0026901442895572725,-0.0017368649587495844,-0.0011518083390923417,0.0007821666014860007,-0.0008110300081103361,-0.002392124390468209,-0.0041860465116279055
2024-11-21,0.04286264416432761,0.09363200791604842,0.08897657841140516,0.00476987447698729,0.0102439024390244,-0.00043497172683770735,-0.002075645756457467,0.013530676045330203,0.0006957328385899242,-0.0011989301853730927,0.00023353573096684954
2024-11-22,0.0059421516391506835,-0.008372272984315088,0.00225988700564983,0.0043308070292329415,0.0036214389183968354,,0.00023110700254203032,0.010940286278856792,,0.0009233610341643494,-0.002101330842867233
2024-11-23,-0.012575331462474248,0.019731253958106487,-0.00820277572600403,,,,,,,,
2024-11-24,0.002550758206510295,-0.009521679112055703,-0.008192223267482035,,,,,,,,
2024-11-25,-0.051293107757381606,0.014727382947616219,-0.07449709520610204,0.004229206401857422,0.003528185390105243,0.01087902523933848,0.0006931608133087241,-0.0018592677345536934,0.0008111239860950636,0.012453874538745247,0.008540009358914302
2024-11-26,-0.011510428869846323,-0.026663972448692674,-0.015287385771628692,0.0006606110652354058,0.003435876947662786,-0.0021523891519587,-0.004156084045255137,0.001146296030950067,0.009030913511635985,-0.0025512528473804474,-0.0024359123071570066
2024-11-27,0.04374709152248579,0.10047928946014495,0.050477016478751136,-0.0012378280244265127,-0.004698200350374271,0.0025884383088869978,0.0013911430558775084,-0.008301130671246604,-0.0065404475043030486,0.0036539691239609873,0.010000000000000009
2024-11-28,-0.002977138688952219,-0.02146745296817887,-0.018948150594451763,,,,,0.004810698994563989,,,-0.0006907667510936966
2024-11-29,0.01907719530744245,0.0040680504371197745,0.024321481169787607,0.007518796992481258,0.004880390431234449,0.005593803786575036,0.0016207455429497752,0.003782256906209591,0.009009009009008917,0.006189132611267745,0.004377880184331717
2024-11-30,-0.010515274504526384,0.03135513277512958,-0.02337427597255881,,,,,,,,
2024-12-01,0.008269906459744902,0.00104955009645602,-0.0033229578531169812,,,,,,,,
2024-12-02,-0.014396917723644154,-0.01771313985079126,-0.04709854399662372,0.002132196162046851,0.003742038216560495,-0.002995293110825803,0.003929727230698177,0.008299151006391448,0.007783882783882756,-0.001899592944369033,-0.00045882083046566713
2024-12-03,0.0006428973714438513,-0.007389176078056892,0.03680411001372952,0.0016366612111293755,-0.000793210121361132,-0.0021459227467811592,0.0020723002532812007,-0.0006622516556291647,0.004770558836892258,-0.0035345296356715794,-0.0012623364700483641
2024-12-04,0.029416045032073068,0.06240065900226388,-0.019692439128577433,0.004084967320261423,0.008494085893466785,0.0030107526881719693,0.0025275735294116863,0.003076777430654154,0.013000226090888578,0.0048203728967712856,-0.00045961162817409473
2024-12-05,-0.017236200588498396,-0.01415439215472003,0.028933722602291878,0.0001627339300243058,-0.004644206549118457,,0.006646802658720974,-0.0008494172054174243,-0.0006695681285571187,-0.00027154236060822345,0.0028738935509828867
2024-12-06,0.029338374883287832,0.05698178641463425,0.004573751746919097,0.0012203058900097652,0.002056148675365632,0.002572898799313883,-0.0015938069216757667,0.0002361498134417772,0.0060301507537690036,0.002263467632412919,0.0029802842732691293
2024-12-07,0.0003801129927667457,-0.0012035467173386882,0.004805868218034526,,,,,,,,
2024-12-08,0.012465510622908349,0.0016849957875104682,-0.004866792531990738,,,,,,,,
2024-12-09,-0.038054661532459844,-0.07317152305484487,-0.08630212066275977,-0.0020313642642398877,-0.0046563017914923455,-0.0025662959794695572,0.020524515393386622,-0.0032108792142789833,-0.005772005772005873,-0.002529358626919609,-0.0028571428571428914
2024-12-10,-0.006823028989216606,-0.022412395619309744,-0.013704318936877069,-0.0063507572056666906,-0.00499524262607054,-0.00042881646655235084,-0.016089385474860274,0.0015158692562766696,-0.002456179524394364,-0.0015395761637384542,-0.0013753581661891667
2024-12-11,0.0469823535424303,0.05639692150046538,0.06395321637426887,0.007620452310717729,0.007889074826679554,-0.0021450021450020174,0.004088121735180472,0.006007000283795305,0.016452154448796774,-0.0027210884353741083,-0.0024101916676230184
2024-12-12,-0.011577228972795117,0.012411735869916729,-0.0018468032714800131,-0.006749613726925285,-0.0044275774826059155,-0.005159071367153989,-0.0049762497172585185,-0.0018806713996897262,-0.006606474344857949,-0.005638926784902298,-0.00356649792913033
2024-12-13,0.013978540738637024,0.00648778678644657,-0.009603524229074956,-0.0011462256427050566,0.0006750317662007621,-0.003889369057908376,0.0009092975676290305,-0.004804748221772015,0.001995123032586976,-0.005579438397512071,-0.004733864449832592
2024-12-14,-0.0002835487965689998,-0.009882621479220144,-0.021973134062805766,,,,,,,,
2024-12-15,0.03005690631724911,0.02285972733733921,0.01987447698744771,,,,,,,,
2024-12-16,0.01581699789444979,0.007554892993405282,-0.035585284280936436,0.0013114754098360049,0.0041665013293124,0.0004338394793925726,-0.005450828980240741,0.001325318313059043,0.01084070796460157,0.001287711552612203,0.0005800464037124531
2024-12-17,0.0003504247557089002,-0.023588123181863763,0.0320432792342904,-0.004174852652259253,-0.008693590452857003,,-0.018954099109385614,-0.0026943984873553095,-0.0036112934996717083,9.18611060076735e-05,-0.0016231884057970047
2024-12-18,-0.056401260295774414,-0.06901174766407947,-0.07531362007168463,-0.02951089190300049,-0.031332217172925225,-0.013876843018213347,-0.02327746741154557,0.0018485164470567472,-0.03327841845140034,-0.015890511619362613,0.0015096968993149051
2024-12-19,-0.02774338239970886,-0.058068769931914344,-0.06167934492950233,-0.0001694053870913148,-0.0031275720164608556,-0.00395778364116095,0.003336510962821837,-0.015754364384728214,0.0017041581458761001,-0.0054134776927384776,-0.009508348794063148
2024-12-20,0.004033902486140439,0.016436510609632915,0.003976040483321341,0.0005930193154861652,0.01354029062087192,0.0035320088300221375,0.004038004750593904,0.00144203037877344,0.011001474424407354,0.003941441441441373,0.00011706860220073168
2024-12-21,-0.005471487751240178,-0.03843283474572601,-0.06732500128580987,,,,,,,,
2024-12-22,-0.02203361346612076,-0.017527246792864548,-0.005459358111834178,,,,,,,,
2024-12-23,-0.0033988605261981997,0.04255474897822231,0.052841696700859364,0.005503344340022087,0.005213424568263347,-0.002199736031676225,0.005677785663591006,-0.0018719400979169132,0.008862463540498133,-0.0028977378949336385,0.00023410979749516336
2024-12-24,0.04041500324593916,0.02135969480299127,0.037234042553191404,0.007915122937015795,0.008995137763371241,0.0017636684303350414,0.003058103975535298,0.008511661457081043,0.013232514177693666,0.003093653323333667,-0.001170275014628408
2024-12-25,0.0076252755352304025,0.0008077613838497477,0.0018278750952018807,,,,,,,,
2024-12-26,-0.03700984073082547,-0.046677828818386,-0.04596827327555619,0.0011695906432749315,0.0014456670146976158,0.0017605633802817433,-0.0035178236397748197,,-0.0013169446883231073,0.0009345794392523477,
2024-12-27,-0.015653893419939946,-0.0006785034495596642,-0.02279005524861888,-0.007843791722296323,-0.010746651696206588,-0.0035149384885765356,-0.004471640385973252,-0.003528514209422129,-0.014835164835164782,-0.004201680672268782,0.0011716461628588082
2024-12-28,0.01018276260569917,0.020810550982395037,0.06088611035607516,,,,,,,,
2024-12-29,-0.016476994521859467,-0.014020548166939872,-0.028439661798616456,,,,,,,,
2024-12-30,-0.010074885091224228,0.001620784244663831,0.007436708860759422,-0.009671993271656909,-0.011187677340899871,0.0030864197530864335,-0.008037825059101555,-0.005311513063451012,-0.010931399888455151,0.004313173933427006,-0.00327677004095972
2024-12-31,0.007919503100332514,-0.007551420584922086,-0.011465368305324297,-0.0022929936305732257,-0.00311552020988759,-0.0013186813186814028,-0.003336510962821726,0.002164814547553684,-0.008683884064508818,-0.002520773037064661,0.004226840436773571
2025-01-01,0.011026496713271161,0.00690624324389244,0.026586166719627213,,,,,,,,
2025-01-02,0.02669531854001317,0.029543855045149225,0.07351423854725536,-0.0020429009193054792,-0.0022205773501111636,,-0.0014347202295552641,0.010944700460829404,-0.0004550625711036149,9.359790340690566e-05,-0.004442885537238372
2025-01-03,0.012727341587000396,0.04498043384438022,0.04728723148637615,0.010320709655407878,0.010880316518298683,-0.0022007042253520126,0.009339080459770166,-0.00199430199430195,0.017186432961529663,-0.0023397285914833477,-0.00023487962419266317
2025-01-04,0.0007473263518338324,0.013504523682809966,-0.005919331895562929,,,,,,,,
2025-01-05,0.001379495030284561,-0.005726944535608847,-0.015186484490398833,,,,,,,,
2025-01-06,0.04000271288936652,0.014655641927018737,0.023388797750175883,0.0061629379485015345,0.0044031311154599795,-0.0017644464049405562,0.003558718861209842,0.006518222475973001,0.011077542799597051,-0.0025328330206378924,-0.0011746740279572343
2025-01-07,-0.052184794574000826,-0.08361933885283312,-0.07424200787762214,-0.0098170834032556,-0.008605293067056374,-0.0035351303579318483,-0.007092198581560183,-0.006854171590640612,-0.018924302788844605,-0.004608294930875556,-0.0032929554274961914
2025-01-08,-0.019654539756666756,-0.015974960728221577,-0.023301835452431696,0.0003389543259044725,0.002129053390107938,0.0017738359201773246,-0.004761904761904856,0.0002855782960495823,0.0012408347433727762,0.0016061980347694682,-0.0015339233038348388
2025-01-09,-0.026191900954400493,-0.03231227583884744,-0.06311417282950049,,,,,0.0006661591168635184,,,-0.0004727014890096859
2025-01-10,0.023271740417670994,0.01482535471183466,0.014435553633217912,-0.01601016518424392,-0.015525412649125658,-0.005312084993359889,-0.016985645933014215,-0.009605325725154601,-0.01385759351059035,-0.005754174134515622,-0.004965712934499877
2025-01-11,-0.0014377856748984952,0.004738973773392496,0.0021318552470288576,,,,,,,,
2025-01-12,-0.0005858403033173198,-0.004872014405806313,0.001967771100356286,,,,,,,,
2025-01-13,-3.354155904977674e-05,-0.03978542691104159,-0.029989384288747423,0.0003443526170798794,0.003237051792828627,-0.002202937249666137,-0.006814310051107331,-0.0016324178989821636,-0.003313149777219304,-0.002846299810246755,-0.005703422053231932
2025-01-14,0.02146424926552637,0.028025433024667645,0.025937072503420033,0.0034423407917383297,0.003392074129229705,0.00042371936397489485,0.011271747120803699,-0.0013465422718091924,-0.0024071526822557754,0.0011417697431017615,0.004302103250477973
2025-01-15,0.0411795892389657,0.07059929217703642,0.09819190356819019,0.015265866209262402,0.01566622691292885,0.00980829246544812,0.013084565059365172,0.015698738322257544,0.023899804665058033,0.011974909712982429,0.00821037601142316
2025-01-16,-0.0052576737711176325,-0.0416765655149236,0.025157843613404562,0.0009292110153742428,0.0015424581912648616,0.002207505518763808,-0.001195886151638459,0.0029395031291485907,-0.004264392324093813,0.0019722013523666426,-0.012156261064558138
2025-01-17,0.04125971752053226,0.05071151514785055,0.040174341481902465,0.008355135454468865,0.008510983221204471,0.00044052863436139233,0.007902298850574807,0.00893448047650569,0.013073368646455474,0.0008435654700533757,-0.001672640382317736
2025-01-18,0.003150604666352974,-0.049317070784670736,0.19325013663691015,,,,,,,,
2025-01-19,-0.03086963182840996,-0.028461866728005103,-0.03683346692621858,,,,,,,,
2025-01-20,0.009231198189368905,0.021921913502366053,-0.04236347784734884,,,,,-0.005013353324274883,,,0.00311153662039243
2025-01-21,0.03929524796165618,0.014379343982441117,0.03587833643699567,0.012135922330097193,0.009805497508439176,0.003963011889035695,0.010691375623663513,0.0007534375588622577,0.010234731338302439,0.005806330773553192,0.0011930326890956522
2025-01-22,-0.023475578107835293,-0.025910799772807303,0.027604666027484903,0.0025634664682046004,0.003502069404648145,-0.0017543859649122862,0.0007052186177716191,0.008752117447769603,0.01222332342253063,-0.0031657355679702848,0.0023832221163013756
2025-01-23,0.0025007931638105774,0.030024526817529873,-0.015977918594254237,0.005361266908611162,0.002220812182741172,-0.0015377855887521719,0.0023490721165140283,0.0013060919861926923,0.004895561357702416,-0.0014010835045769054,-0.0021398002853068032
2025-01-24,0.008890044835593303,-0.008671117540817286,0.0009876738305942823,8.204118467469712e-05,-0.002849002849002802,0.0015401540154016402,0.006561987344738673,-0.00437901798192486,-0.003789109018079606,0.001964269011317965,0.0042887776983560055
2025-01-25,-0.0011131111059610177,0.002613514134126138,0.011800923550538744,,,,,,,,
2025-01-26,-0.020724589138381266,-0.026184542410882417,-0.062295209861132905,,,,,,,,
2025-01-27,-0.004880707467605272,-0.015333531385000154,-0.022962685635841695,-0.011402789171451988,-0.01388888888888884,0.005931458699472758,-0.018160651920838156,-0.01642335766423353,-0.0362964572918929,0.006908140403286023,0.004863582443653591
2025-01-28,-0.007568113709237934,-0.033272259289173545,-0.033976242176523286,0.006472491909385036,0.006519114688128713,-0.0010919414719370302,0.0073511975337916535,0.013129727415441605,0.0200721695985564,-0.0013906916373076506,-0.006020540668161933
2025-01-29,0.024259551782012112,0.012343712411331476,0.005597426065494293,-0.003050540028032067,-0.005277466815928333,-0.0005596851770879319,0.0002354048964219313,0.003145983002300845,-0.006853858058810447,-0.0012997864636523637,-0.00011876484560569
2025-01-30,0.009594374790657056,0.04285443621288154,0.04453015427769991,0.008435329143235082,0.007395498392282818,0.0014349964125091041,0.016945163567898325,0.00243400112338521,0.009016028495102413,0.0022311053267640713,0.004632379142415877
2025-01-31,-0.022258174894197902,0.016169460627933008,-0.027735817388385264,-0.007134656388387728,-0.0064634535588891096,-0.002184359982525197,-0.011339967600092593,0.01027269331341052,-0.004964147821290732,-0.0032464520916427597,-0.0003546937810356976
2025-02-01,-0.017453256604791245,-0.055518350055606125,-0.08100643045185796,,,,,,,,
2025-02-02,-0.029290570774225033,-0.07941850242878878,-0.04456654456654463,,,,,,,,
2025-02-03,0.03873684279497258,0.005008277424414009,0.06404521995576307,-0.007846700256050165,-0.007870853746687057,-0.0026269702276706663,-0.0072565543071161365,-0.008643002403401767,-0.008314855875831473,-0.0020472734040573037,-0.004139562389118834
2025-02-04,-0.03612401710227253,-0.052555468473654554,-0.04517738359201773,0.00932400932400923,0.0042095037642677635,0.0017559262510973284,0.01792030181560955,-0.0003729777612010432,0.010955841252096254,0.001958224543080922,0.005106888361045003
2025-02-05,-0.01182800151950436,0.020581463871716332,-0.0511369134010643,0.005278785879247794,0.006449012494961659,0.005696757230499561,-0.002548065786425746,-0.0027050977099948303,0.00420214530576124,0.00697999069334565,0.006380716058135505
2025-02-06,-0.000762740829648112,-0.036294516371983,-0.03344720338550966,0.003281916639317428,-0.0012815378454145154,-0.0017429193899781703,0.004180213655364584,0.011317401674227234,0.008038762250853537,-0.001848428835489857,-0.001996007984031878
2025-02-07,-0.0002851976220690222,-0.023873320680287358,0.013134989713562417,-0.00809617271835128,-0.008982276044590676,-0.0034919249236142758,-0.0009250693802035359,-0.0018959537572253993,-0.00928555822591226,-0.004351851851851829,-0.003529411764705781
2025-02-08,-0.000630120571287196,0.0036866886520903197,0.03826929084661046,,,,,,,,
2025-02-09,-4.457055492901318e-06,-0.0018042862243696778,0.005516273005365724,,,,,,,,
2025-02-10,0.010039717724088737,0.012938235148618471,9.974564859605017e-05,0.006595762222771917,0.005260176418224516,,0.012037037037036846,0.005513343217197875,0.008380196273018115,0.00027899190923474926,0.000236127508854711
2025-02-11,-0.017141362957608375,-0.022480436685487937,-0.012965641051214227,0.0005733475305103042,0.0014490420222186273,-0.001752080595707417,-0.003888380603842667,-0.002211675805188218,-0.003061782394751189,-0.002231312755671344,-0.0037771482530689626
2025-02-12,0.02180600429677848,0.05247825736059908,-0.005709089071894047,-0.0009823182711197198,-0.004180064308681786,-0.003949100482667833,0.005510907003444254,-0.0066035557607943,-0.0023033892727871708,-0.005404398061870985,-0.0026066350710900466
2025-02-13,-0.01264263247639319,-0.022818394934601027,-0.012754065040650464,0.010816125860373615,0.010332579916047857,0.006167400881057272,0.006394153916419398,0.005252882112309454,0.012752858399296407,0.007775904065954631,0.0077215490615349935
2025-02-14,0.00914605275699576,0.018769921788878596,0.026455298780174052,0.0010538261997405929,-0.002476829658037749,0.003502626970227851,0.007714998865441247,-0.0023121387283236983,0.0022796352583585033,0.003904434321837069,0.005894141223623528
2025-02-15,0.0009015575275439502,-0.0120088617623757,-0.02457002457002455,,,,,,,,
2025-02-16,-0.015134285972490558,-0.011906087808789656,-0.032077314553025316,,,,,,,,
2025-02-17,-0.003517274470172027,0.031031256692629183,-0.05719900154017732,,,,,0.00495944380069524,,,-0.005039259346068081
2025-02-18,-0.0018208052051643664,-0.026788382347581963,-0.046867958539882904,0.0038869544092638986,0.005366439727673145,-0.004101221640488761,0.006304886286872424,0.00036896965224619827,0.0003249214773095588,-0.004074451338086815,0.0010600706713781438
2025-02-19,0.010717057466263169,0.016730385420450133,-0.0018321513002363954,-0.0012099701540695396,0.001274697259400881,0.001489529483921892,-0.0015663459386887624,0.0034117104656523622,0.0003248159376354476,0.0005578800557879404,-0.005530062360277754
2025-02-20,0.017749497759697253,0.008610561748923828,0.04239445793119789,-0.0013729607494749052,-0.002307447485678016,0.001312335958005395,0.009188704616763799,-0.009557066715677243,-0.0073601039073493135,0.002416132329709164,0.006152389966871619
2025-02-21,-0.02226977483853121,-0.02810143683931865,-0.04106787844362403,-0.014071977355438858,-0.017146502910918016,0.003494975972040182,-0.0028869642460582767,0.0004175171645945941,-0.023116345000545047,0.0035227588764252804,0.0019990592662277873
2025-02-22,0.004420789618814203,0.03825013431316182,0.019310508233621793,,,,,,,,
2025-02-23,-0.0032732766686007775,0.0203111995657681,-0.024000464900046592,,,,,,,,
2025-02-24,-0.04939605871149899,-0.10862418118689343,-0.15576064304852633,-0.004921663522270525,-0.003813696851671544,0.0015237265999128446,-0.015367483296213735,-0.011082773011824809,-0.010603862038173983,0.0025866050808314167,0.0011735711770919366
2025-02-25,-0.031986162947725716,-0.008347424751825261,0.016714860004231724,-0.0011540680900172795,-0.005050093671092215,0.006520321669202467,0.0006785795068988687,-0.015286504736002904,-0.0107175090252708,0.007647655026260081,0.002930488805532594
2025-02-26,-0.050482853851056664,-0.0639712402251672,-0.06270810210876798,0.0014855162168851965,0.0017191977077364307,0.001727488663355592,0.00994575045207946,0.013190476190476197,0.007070361500741251,0.002103145574250176,0.001753155680224383
2025-02-27,0.0061039012609174215,-0.01188205389788799,0.01791000592066294,-0.015080346106304043,-0.015773128473357212,-0.002802328087950001,-0.01947179946284683,0.0017859660666446064,-0.025818140640924025,-0.004197463272196389,-0.005133590012833977
2025-02-28,-0.0038695334096148226,-0.029867127073021527,0.07670495855751058,0.008785140562248994,0.014614298762766653,0.0038910505836575737,-0.01369550330974667,-0.010602861834388966,0.01813320934557705,0.004398423898103188,0.0025800398733435426
2025-03-01,0.020416089496122947,-0.008876030692732795,-0.03038692686879596,,,,,,,,
2025-03-02,0.09587117972870107,0.13619609205462635,0.24465492025907087,,,,,,,,
2025-03-03,-0.08597399599514044,-0.1472607499235622,-0.20518128916741263,-0.010616239528904226,-0.014894835911285598,-0.0017355727820843603,-0.008794260587826952,0.002892503200720764,-0.02477451763899985,-0.0006386278624213038,0.0017545911802550052
2025-03-04,0.012637489539943259,0.010891582422597024,0.01921858500527973,-0.007293151144270316,-0.01113234194566759,-0.001712705513876367,0.008405323371468487,-0.03347517730496463,-0.009599625380473098,-0.0032864706956362566,0.0033862680990190963
2025-03-05,0.03843864226413385,0.03252538094448432,0.010567757977621328,0.01655125823340642,0.008317230950180665,-0.0030250648228176136,0.029868025005788335,-0.014333235495548324,0.01382978723404249,-0.003205715332478598,0.001047364133597073
2025-03-06,-0.007525959472087895,-0.017447903887077176,-0.020641104504135144,-0.01486957966439606,-0.01674720879853353,-0.002600780234070177,-0.006294964028776828,0.0029778152761923415,-0.02868135711787334,-0.003124138564734036,-0.0011625203441060217
2025-03-07,-0.03519578389457079,-0.02797377430281245,-0.02763626212575876,0.006324310650139164,0.006101177866282503,-0.0008691873098654046,0.004977375565610842,-0.018556088871295007,0.003841075501140212,-0.001566964697207185,0.0032588454376163423
2025-03-08,-0.006342890220475517,0.029063765584054657,-0.01708174836718601,,,,,,,,
2025-03-09,-0.06388738507417469,-0.08307195090398234,-0.07667031763417298,,,,,,,,
2025-03-10,-0.026697424521218593,-0.07717745368857742,-0.06492684855674191,-0.025473437238143215,-0.02779415480501979,0.0027403218790780226,-0.023863124718595308,-0.007461934052636843,-0.037546335047231816,0.0034158050221566594,-0.0010440835266819493
2025-03-11,0.05563455514699833,0.031628865094521785,0.06004736129905286,-0.004041272570937227,-0.00996274798579233,-0.00555242267817635,0.008302583025830312,-0.020725388601036343,-0.001863585538576129,-0.006532339681663335,-0.000812913715015795
2025-03-12,0.008984193478318803,-0.007877987395220054,0.010052656773575697,0.00543900543900544,0.004987749387469265,-0.002399127589967298,0.0054894784995425105,0.010426392779333993,0.015434403783918249,-0.0029635117614373874,-0.0030218503021850474
2025-03-13,-0.030911040154110503,-0.023124538111985338,-0.026066350710900466,-0.01184956208140131,-0.014192424902046086,0.003060778312199419,-0.0040946314831664665,-0.006879203244519738,-0.01875459671488111,0.003158090284228088,0.00116577290743769
2025-03-14,0.03585712359770654,0.025667852409848813,0.0831305758313059,0.020768161279110187,0.02102102102102088,-0.0008718395815169311,0.01827318410232981,0.011269061773067968,0.025733916302311144,-0.0004629629629628873,0.00046576618537508274
2025-03-15,0.004417335502567399,0.013579891716579917,0.017671284163234713,,,,,,,,
2025-03-16,-0.02120757601587453,-0.026223027337802685,-0.07218011919652711,,,,,,,,
2025-03-17,0.01754826672667753,0.020924316302734836,0.015305313243457519,0.009959989784625867,0.010121107266436002,0.0015270506108200355,0.01704800358905345,0.004447170679343637,0.0030446961393253424,0.002037980546549356,0.0032588454376163423
2025-03-18,-0.0156245461925405,0.0025801025811409417,-0.02140123408576111,-0.007164531355360659,-0.012331934572236025,0.001951644521890783,-0.0050727834142039185,-0.003918575063613261,-0.016998542982030185,0.0024036239253029112,
2025-03-19,0.050535219633281114,0.06514433656957919,0.08061297789129207,0.008234994481704616,0.00979797103962543,0.004791346011704389,0.0024384837064952425,0.010218157666172845,0.015563241106719472,0.0059024255279902516,-0.0016241299303944023
2025-03-20,-0.031015231020617984,-0.036163262131391316,-0.05827609129182354,-0.004294375210508683,-0.0037781212433453115,-0.0008654262224144782,-0.009287925696594423,0.0032367369645476263,-0.0025541230844076113,-0.0014669478316676754,0.001161980013943742
2025-03-21,-0.0014428019199028697,-0.008922311832024521,0.007372549019607932,-0.005496828752642791,-0.0014652646095500987,-0.001515807708964978,-0.004910714285714213,-0.0020668447849977456,0.0030484087306426044,-0.0013772839959599326,-0.0011606313834725546
2025-03-22,-0.002497324592479311,0.007821962564504403,0.00023357209592034245,,,,,,,,
2025-03-23,0.02672457661430494,0.012937107077031884,0.034093562699462954,,,,,,,,
2025-03-24,0.016617855076153765,0.03771242840122224,0.06134738426797148,0.012670068027210935,0.018040569702201248,-0.004120581218824526,0.004486316733961493,0.01722570216205299,0.022732798443958036,-0.004321441706509721,-0.0037183360446200187
2025-03-25,-0.001093876144519501,-0.00712906294136284,0.01907801418439714,0.0019313124527666758,0.0027132440223842647,0.0013066202090590284,-0.002903081732916535,0.0015394547350648935,0.0043979555449900065,0.0010157909317574099,0.00174947515745294
2025-03-26,-0.00574038853509895,-0.027608163423296195,-0.04391398148792536,-0.010895072075092216,-0.011584644004735356,-0.002609830361026466,-0.006047032474803982,-0.004859182863942935,-0.021538461538461506,-0.00405904059040596,-0.0017464198393294383
2025-03-27,0.0033530815460183216,-0.00318452321716467,0.007424661522783538,-0.0011015082189459457,-0.005133031054837867,-0.001308329699084232,0.004957187922487671,-0.004035874439461851,-0.0062893081761007386,-0.0012041496850685451,-0.0017494751574528289
2025-03-28,-0.03251274859122266,-0.05345626260407721,-0.06473988439306366,-0.017558741199423245,-0.018402270186602454,0.005240174672489051,-0.018609865470851972,-0.02121166641652894,-0.024829600778967786,0.006028007048131334,0.005374459633134876
2025-03-29,-0.020916477249833476,-0.03630361295834361,-0.0378553770086526,,,,,,,,
2025-03-30,-0.002866849284824946,-0.010988349503937345,0.0020876826722338038,,,,,,,,
2025-03-31,0.0018735134434362255,0.008144701241070917,-0.002083333333333215,0.0011224313590054713,0.006307490144546568,0.0017376194613378804,-0.001599268905643103,-0.007155635062611854,0.003120319520719006,0.0019358407079645978,-0.00023242300987802444
2025-04-01,0.031938834656903836,0.04560846967393517,0.017263529789625753,0.0032772746873652725,0.003395142334813306,-0.0013009540329573799,0.0032036613272310444,0.012921492921492916,0.007216623118078802,-0.00027601435274637875,0.003022201557596249
2025-04-02,-0.031469747049355234,-0.05796454835103115,-0.0733285973636435,0.005931402045903811,0.006680548325524782,0.0017368649587494733,0.0013686131386860811,-0.0006607033949989072,0.00827671402100072,0.002300754647524439,-0.0011588828369452076
2025-04-03,0.008294936797248909,0.012068869448932817,-0.002385008517887588,-0.03948043069560747,-0.045764026544859115,0.000866926744690133,-0.021184510250569444,-0.048771804912780325,-0.05427591276647892,-9.181893306386968e-05,0.014386819816684104
2025-04-04,0.008245693112286068,1.6516549582901163e-05,0.047984972677595605,-0.059608540925266906,-0.05834537572254328,-0.0012992637505414573,-0.055620200139632314,-0.04710222412318221,-0.061406917994558774,-0.0011019283746557251,0.0021731671051126167
2025-04-05,-0.004315636888839736,-0.0062211309245262525,-0.02028678507414039,,,,,,,,
2025-04-06,-0.061408472632659916,-0.12482480097945248,-0.1200000000000001,,,,,,,,
2025-04-07,0.0098156518854291,-0.017173385999227686,0.010584010584010706,-0.01201513718070002,-0.004987531172069959,-0.015177797051170727,-0.037210448496796444,-0.029344105930539155,0.0053830227743272285,-0.01948887663173382,-0.013695503309746782
2025-04-08,-0.036496962787848974,-0.05197598928277003,-0.014868150364690469,-0.01216125634396259,-0.017061885482938077,-0.011889035667106973,-0.014077297158945457,0.03410404624277463,-0.013866007688083548,-0.012657041065066488,-0.002892848877574461
2025-04-09,0.08318653867641412,0.13406117097164283,0.1299477930707167,0.08549825513765041,0.08875159360596241,0.013368983957219083,0.06931464174454804,-0.04611514812744555,0.11360155923708759,0.01671256290950529,-0.0016246953696182898
2025-04-10,-0.03683539208000508,-0.08851773529746532,-0.05283938172043012,-0.02786211823539919,-0.03143577733741665,-0.013632365875109853,-0.01723719349356645,0.039613243480808524,-0.038879859982497766,-0.01699822545997942,0.011158898058816646
2025-04-11,0.048120897512254235,0.029326129962997438,0.07636363636363641,0.020668748851736085,0.016553519947921425,,0.03137351778656128,-0.010145989515810694,0.018340270551508997,-0.0001900237529690596,-0.002069203356707794
2025-04-12,0.022673654873857085,0.0496255100151326,0.08948582729070531,,,,,,,,
2025-04-13,-0.018035906927805656,-0.028475834169784275,-0.02949629405536236,,,,,,,,
2025-04-14,0.010238368185950808,0.016900015027801363,0.008338528678304202,0.009450094500945028,0.011984264934589817,0.004904146232723949,0.00910179640718578,0.028870793235009407,0.006003320986077476,0.00617694573790728,0.008178781246400257
2025-04-15,-0.011355667477949027,-0.021791469369408123,-0.025504289357755505,0.0009807417974321275,-0.001175194359067211,0.004436557231588312,-0.0009494422027058746,0.009851671463360745,0.000507872016251909,0.0053834529656215935,0.0013711151736743865
2025-04-16,0.0047703102889904425,-0.0071570651626549076,0.04147830914426187,-0.01487485525964194,-0.021359399040637106,0.0030918727915194566,-0.011641720123544808,-0.01211224377945852,-0.02855329949238583,0.004227336777830049,0.0030807850296670214
2025-04-17,0.011106321743327818,0.004159085001299578,0.026880901614377173,0.0052441229656421395,0.0050864699898272026,-0.00044033465433734875,0.007692307692307665,-0.009486823855755944,0.00039190071848471675,-0.001403180542563165,0.0019337959276533034
2025-04-18,-0.0058320210795488325,0.002992745433537669,-0.006080830552465666,,,,,,,,
2025-04-19,0.007204278810278186,0.01529677634602189,0.043572334551966074,,,,,,,,
2025-04-20,0.0012030562683580381,-0.015841326331322403,-0.014441981840280338,,,,,,,,
2025-04-21,0.027527626479061373,-0.0048950432174986735,-0.009357997823721376,-0.015470408346825115,-0.02465955097534056,-0.007929515418502175,-0.00023854961832070476,,-0.028205797858448678,-0.010772833723653452,
2025-04-22,0.0681774322750821,0.11234212275648137,0.08992384299941425,0.021834460076740392,0.027641509433962375,0.001776198934280604,0.015032211882605617,-0.008289458944774175,0.02714324106423005,0.0024621212121211933,0.002497729336966348
2025-04-23,0.002693576042554602,0.022151394422310844,0.015587207739854891,0.012784979883772918,0.013035894611218124,0.003989361702127603,0.011518570756934743,0.03078052637523987,0.0236787022501308,0.004439826185528073,-0.004643261608154092
2025-04-24,0.0029980503711719564,-0.014204418905073735,0.009526329716856186,0.01739053672316393,0.02229270502945191,0.007947019867549754,0.011619800139437642,0.007232480412032283,0.026964856230031975,0.010251105050315124,0.0009102286949596028
2025-04-25,0.007304995556357108,0.008777627781135333,-0.011074705111402294,0.004772234273318743,0.007091569896285677,0.003942181340341744,-0.0018378130025269446,0.005385410433552673,0.014683922349427725,0.005306274436790215,0.0009094009321357621
2025-04-26,-0.0004450484479845418,0.019961365099806727,-0.010867404413226311,,,,,,,,
2025-04-27,-0.009359897002787831,-0.01631532718489226,-0.008240101828900781,,,,,,,,
2025-04-28,0.013456945292612321,0.0046766524544052945,-0.0009456903539583061,0.0028497409326424528,0.0005281225244255783,0.0021815008726002727,0.0018411967779055072,0.0015690942538686414,-0.001226391954868844,0.002315029169367433,0.0037478705281088764
2025-04-29,-0.00811720474309574,-0.001138724406474556,-0.010547667342799216,0.004563850856798446,0.0063341250989708,0.0017414018284720445,0.002756719503790528,0.004699908162713928,0.006753438113948906,0.002309682187730866,0.0031681375876895235
2025-04-30,-0.0009393123597064568,-0.002457999899900476,0.008336750034166895,-0.000514315103720242,0.00384649007780391,-0.003042155584528472,0.0025200458190148822,0.00365630712979903,0.00012196609342618459,-0.004700894091621222,-0.0030453417550191375
2025-05-01,0.024871276565698874,0.025103272958373113,0.0225670913526701,0.0036020583190394806,0.001915875642253706,-0.006974716652136004,-0.00022851919561239775,,0.011829268292682826,-0.007501389146138182,0.0014707546102499247
2025-05-02,0.004194043863049668,0.0022623204011269493,-0.01855656438465092,0.017432917450008523,0.015906127770534573,-0.0021949078138718825,0.02857142857142847,0.02448301725061608,0.01807882367120639,-0.002426052066809792,-0.004179846362404094
2025-05-03,-0.011023234235164603,-0.004856265396260384,-0.009048551556485984,,,,,,,,
2025-05-04,-0.016573732077366343,-0.01364754120706857,-0.018943781942078353,,,,,,,,
2025-05-05,0.004894744016153085,0.006163626312880144,0.018823365979023565,-0.002183772887619728,-0.002053388090349051,-0.0013198416190057793,0.007555555555555538,0.0014642054071014599,-0.004853794246478027,-0.0014030492937984196,
2025-05-06,0.022222013450504896,-0.0016976622805813246,0.0014316880283609112,-0.005639730639730667,-0.009173525377229153,0.0017621145374449032,-0.003970004411116168,-0.004856143282334968,-0.008803235783963914,0.0019670288497564137,0.0003403289846852786
2025-05-07,0.002263030548485867,-0.0031424388847919316,0.003267751378582817,0.0006772200118514426,0.004672492861469202,0.0021987686895339476,-0.011514614703277193,-0.00519466890544662,0.003120499279884781,0.0020566513975881495,0.002494896801995994
2025-05-08,0.06382935538138312,0.21847793082507527,0.11589875822759033,0.00346840368835144,0.00861252260787193,-0.00438788942518642,-0.0006720430107527431,0.0164565641647767,0.007418042593922092,-0.005037783375314797,-0.004411764705882337
2025-05-09,-0.0025813171060852236,0.06261638628238986,0.05077531164487703,0.0014331478671387732,-0.0021347451114337446,,0.00672494956287828,-0.0007264802034144813,-0.0017814726840855721,-0.00037505860290676374,-0.0010226110669242505
2025-05-10,0.017810313072645245,0.10169744466569175,0.029571759259259256,,,,,,,,
2025-05-11,-0.006521295932625848,-0.02670872358541687,-0.02630543533247154,,,,,,,,
2025-05-12,-0.012842717165996165,-0.007539396927775277,0.005714945448248132,0.024749558043606346,0.032603114838267944,-0.0004407227853681084,0.02159875306167902,0.03287116373266863,0.038667459845330265,-0.00018759966232062553,-0.011487716105550438
2025-05-13,0.012945985227072798,0.07374300332955386,0.05475835150958552,0.004928941099153761,0.007044004309273211,0.00044091710758387137,0.0017436791630338622,0.006636500754147789,0.01706758304696465,0.0008443568815086344,0.001956046484869356
2025-05-14,-0.005624450572192297,-0.025960117617206846,-0.03847409664780144,,-0.0006583278472679366,-0.003966505068311976,0.0076153176675370915,-0.0027969233842772834,0.007208018921049719,-0.005061867266591746,0.0012632062471289451
2025-05-15,0.002327964801519755,-0.023548927138922093,-0.04244722395155354,0.005640480667048031,0.009305006587615239,0.00619469026548658,-0.0004318721658389535,0.003856556145447332,0.00033545790003342013,0.007160354249104994,0.0026379171923387457
2025-05-16,-0.002759512972938749,-0.00424506834481575,-0.010106980317985736,0.004877255730775465,0.007505914987354201,0.0013192612137202797,-0.0006480881399870686,0.007284338671855517,0.00637156270959105,0.0018709073900839979,0.0008007320979179777
2025-05-17,-0.0032749748961424796,-0.024393030787779435,-0.008657750179125845,,,,,,,,
2025-05-18,0.03210891472917066,0.008937405850305336,0.04432933807143269,,,,,,,,
2025-05-19,-0.008051583934625683,0.012196586396823417,-0.03754541784416632,0.0027503640187671596,0.0008097821685966178,0.0008783487044357052,0.002161694768698652,-0.0058447669523006285,0.0002221481728312824,9.337068160597539e-05,0.0009143902160246853
2025-05-20,0.011996836090834018,-0.0014473783075164004,0.010546500479386323,-0.0010487253952887743,-0.003236507808075162,-0.001755155770074568,-0.0010785159620362306,0.0022420407553185306,-0.004775124930594066,-0.0024274110727290354,-0.0006851661527921271
2025-05-21,0.026349313512576744,0.010566127403417669,0.02947106261859589,-0.01251716062343533,-0.0172903644776361,-0.009230769230769265,-0.00259123299503361,-0.007407039172797836,-0.015286766346797598,-0.011137108095460868,0.0028568163638442723
2025-05-22,0.018441189452572004,0.04454233010545772,0.035193825240481535,-0.0007360157016683688,-0.001156451346439824,0.003549245785270605,-0.003247456159341855,-0.008013221815996396,0.0030594900849858497,0.005110732538330609,-0.0033044667274384487
2025-05-23,-0.039319911570208754,-0.05191360363774156,-0.0316603605608724,-0.002291513217120844,-0.006615944426066833,0.0008841732979663064,0.004126846220677605,-0.010501337910839514,-0.00779484862178037,0.0007532956685498693,0.003429747341945788
2025-05-24,0.004326858170825343,0.0015710204113936754,0.011090041946790752,,,,,,,,
2025-05-25,0.01163951503427696,0.008427532309491781,-0.0009092975676290305,,,,,,,,
2025-05-26,0.0038115087683776583,0.004701604814443261,-0.004721274175199186,,,,,0.009133119036685455,,,
2025-05-27,-0.004438523895274771,0.03810756847819308,0.010458935817568848,0.01624148962349281,0.02114552114552115,0.007067137809187329,-0.0023794073112697323,0.007483061988067474,0.023454400546510268,0.00903274369589746,0.003418024381907303
2025-05-28,-0.01063668912186877,0.007558113326621596,-0.025565610859728527,-0.006860925014125385,-0.005706831893037667,-0.0017543859649122862,-0.004553339115351274,0.001304827863093605,-0.00367115363221715,-0.0024244684819096918,-0.001703190643806085
2025-05-29,-0.020837736920730876,-0.01882065201181138,-0.0323310889250058,0.004063719115734665,0.002377828796326753,0.003954305799648505,0.0037028969723371663,-0.004911788291900643,0.0037963376507370583,0.0044868199663488095,0.004777070063694211
2025-05-30,-0.014580679945493502,-0.03789974464980539,-0.06256373342930843,-0.0013760725271166896,-0.002126789366053261,0.002188183807439792,-0.012152777777777679,5.0367684093943765e-05,-0.002335928809788723,0.0028847943420808875,-0.0005659950192437035
2025-05-31,0.005888597550437247,-0.0010387291957946188,0.0015996928589709913,,,,,,,,
2025-06-01,0.01005362180084135,0.004376687713249838,0.007857918609851078,,,,,,,,
2025-06-02,0.001958410920780418,0.027125863059857203,-0.005451318458417731,0.006646672610845394,0.0031969833592917496,-0.005676855895196509,0.0072495606326890005,-0.004784688995215447,0.007804660497268356,-0.006495314094831617,0.0009061048816398909
2025-06-03,-0.004316323676685885,-0.005465088204070767,-0.010261312938177225,0.0025766969965377307,0.007762706324562885,,0.002399127589967298,0.012753036437247012,0.006748534129881634,0.0004669842159334969,-0.00022632114971132822
2025-06-04,-0.006585626900584618,0.00541034207697022,-0.012621546783437299,0.002329130190346085,0.0007297494526878889,0.005709266578831862,0.012402088772845987,,0.0019780219780221042,0.00728155339805836,0.004753820033955858
2025-06-05,-0.030387372703391646,-0.07425251143127631,-0.05850127176677755,-0.0027243589743589647,-0.002673796791443861,-0.0021834061135369565,0.0051579626047710825,0.0008494903058164915,-0.007567449001974258,-0.003058387395736939,-0.0013518080432579627
2025-06-06,0.027840744627853464,0.026041882302284325,0.02493765586034913,0.007793668648561791,0.006986757656998854,-0.004376367614879695,0.003207184092366866,0.0038444255829048757,0.010387888164438142,-0.006042576926652332,-0.003158488437676299
2025-06-07,0.011695914835141874,0.019328232939505474,0.014801297648012968,,,,,,,,
2025-06-08,0.0015658164599519075,-0.006080423096107013,0.015850815850815714,,,,,,,,
2025-06-09,0.042697694556097066,0.06791116704769018,0.05710352061889479,0.0016742406122935982,-0.0008874546187979115,0.00219780219780219,0.008525149190110826,-0.0006963095593356394,0.0005468664552115143,0.002992891881780757,0.0011316057485570852
2025-06-10,-8.25014063754459e-06,0.050427219733784945,0.024249565864549627,0.0047755491881567025,0.004521963824289488,0.0017543859649122862,0.005705832628909668,0.0005474815847104075,0.005137735024048906,0.0024244684819096918,-0.00022606533288105357
2025-06-11,-0.01478573392043403,-0.015661281732646914,-0.02506811989100821,-0.0019011406844106071,-0.0034565916398714425,0.0030647985989491477,0.004202563563773909,-0.0007461572899567503,-0.0017400761283306032,0.0031627906976745557,0.003052572074618398
2025-06-12,-0.027131104192469224,-0.04638236323172418,-0.05353704738836096,0.004285714285714226,0.0037105751391466324,0.004364906154517678,0.0016739903745552898,-0.00861210673038626,0.004139884519010817,0.005563798219584415,0.007213706041478751
2025-06-13,0.0037613133808260812,-0.02405250018912175,-0.024476671697617913,-0.012565196775723098,-0.014626697741702221,-0.0052151238591916504,-0.015876331731773496,-0.003314084860657762,-0.012585439947922272,-0.005994098118775271,-0.004588182632050186
2025-06-14,-0.006156125169268001,-0.018696152638738806,-0.026503430647114246,,,,,,,,
2025-06-15,0.0012689467315447622,0.006342887159010768,0.057144831398562745,,,,,,,,
2025-06-16,0.011876315409437233,-0.0010831897583624128,-0.01451075233675403,0.0087234893957584,0.008155941603458228,-0.00087374399300999,0.0025472298874973376,0.0035770063983071587,0.0123063399626413,-0.0017626867056314,0.00044969083754908823
2025-06-17,-0.02117799174906776,-0.01358205612764074,-0.020959076739404336,-0.009758806728022873,-0.008979855998705655,0.0021862702229995534,-0.01312724962947276,-0.002359437751004001,-0.008249213068490024,0.0034386617100372607,0.0004494887065964459
2025-06-18,0.0031088883458183503,0.005910702194607209,-0.008129530519612627,0.000560852495793629,-0.001224489795918382,0.0013089005235600304,-0.00021454623471350853,-0.0003019171740552551,-0.0010944511327569684,0.0007409465592294051,
2025-06-19,-0.002322819485376937,-0.0015917387964553553,0.004302984768799867,,,,,-0.007902551970604521,,,-0.0035942940581826788
2025-06-20,-0.01293661431578097,-0.04533773279609132,-0.046857997823721353,-0.00912876361306858,-0.0025337147527584314,0.00043572984749462584,-0.005793991416309097,0.002790461694571311,-0.006354771556918992,0.0008329477093937943,0.0018036298049826094
2025-06-21,-0.011205910307807598,-0.04566301096709857,-0.03346414555833033,,,,,,,,
2025-06-22,-0.011385666194498989,-0.029957166736314322,-0.027314336335449663,,,,,,,,
2025-06-23,0.043788683748318125,0.08281055078394939,0.09737401335761997,0.009536124131243051,0.00909537856440501,0.0023954703832751445,0.008202028922944082,-0.001922590437642313,0.01091630830301038,0.0024967634547807815,0.0031506695172722754
2025-06-24,0.006845135415790127,0.015279734769995779,0.00961338958434177,0.012568043547870555,0.012667478684530886,0.004127742776450116,0.025904517233997115,0.009327317889187503,0.01472513089005223,0.004704363066137862,0.0032529444756030923
2025-06-25,0.01186365306526227,-0.012155747039638731,-0.015961090560350666,-0.0017392679263182886,-0.0003207441263731736,-0.0008654262224144782,0.0008347245409014992,-0.0010044698910151029,0.00365473503171021,-0.0011935365405801868,-0.0005590339892665996
2025-06-26,-0.0034504584813699335,-0.001111528910081927,-0.031395753567699414,0.00934505424883203,0.005534611374027332,0.003031615417929956,0.006672226855713115,0.0007038359056861232,0.009317768019706518,0.0036768085301956965,0.005257858820897354
2025-06-27,0.0007824000902927342,0.002812939521800173,0.021776627856834763,0.004315417810906164,0.004865985960433861,-0.0017271157167529916,-0.00393537696768842,0.008440090429540303,0.005836162988115623,-0.0016485026101290545,-0.0011128421989761161
2025-06-28,0.002229600074239002,0.0053130929791271875,0.0607723148343533,,,,,,,,
2025-06-29,0.009634082953120737,0.026100907643573423,0.016776075857038775,,,,,,,,
2025-06-30,-0.011193558899065148,-0.0058143952269174015,0.010043041606886627,0.00406250000000008,0.006191950464396356,0.004757785467127906,0.003119151590767366,-0.002191999202909356,0.005591307099904963,0.005504082194293991,0.0017825311942958333
2025-07-01,-0.01363615030286025,-0.032512117128894014,-0.05139462809917361,7.780890133823881e-05,-0.000552268244575882,-0.0030133448127421802,0.001865671641791078,-0.0014978281491836443,-0.010386067981535851,-0.002463278897910759,0.002335409252668841
2025-07-02,0.030049063595372294,0.06893469475994873,0.0367546964334331,0.0045125651598849625,0.004499526365645767,-0.00043177892918833116,0.004345127250155123,0.002050102505125162,0.007632778543411378,-0.00018291567587347402,-0.0015533118828358061
2025-07-03,0.006800637570677948,0.00816761501752139,0.0004595588235294379,0.005266826736890939,0.006522593320235748,-0.0017278617710583255,0.00453234445817885,0.010479041916167553,0.010731194108363873,-0.002378338821807491,-0.0006667407489721056
2025-07-04,-0.014596799035436203,-0.03214730742671079,-0.030513813242338594,,,,,-0.006913580246913575,,,-0.0003335927943955985
2025-07-05,0.00201844696682163,0.003272480867346994,-0.0008799241911465749,,,,,,,,
2025-07-06,0.00897330309991129,0.021386486346895772,0.029063071607614566,,,,,,,,
2025-07-07,-0.008681171360246709,-0.011070311649110764,-0.01974983541803821,-0.009091609523075528,-0.008119925046845777,-0.0038944180008654294,-0.014150943396226356,0.0030333167578320275,-0.007494535234724653,-0.005960022006235133,-0.00444938820912133
2025-07-08,0.006356340787055714,0.0291616516807085,0.018938885157824048,0.002099370188943128,-0.0003935768261965622,-0.0026064291920069316,0.006240898689411134,-0.00014872837241586279,-0.0022024121657052698,-0.002859514804907315,-0.003575418994413382
2025-07-09,0.02133674577846678,0.05859309311604721,0.035525968890060655,0.005974549968963405,0.005118513268761449,0.004790940766550511,-0.0016539177175934894,0.004016263387544683,0.009039310489804553,0.005735430157261856,0.0023547880690739653
2025-07-10,0.042670096964626536,0.06548777361787539,0.04608236267583199,0.001851137678364756,0.0014885615794422158,,0.002692068751294352,0.006815151365499483,0.0009375000000000355,0.00018395879323018782,-0.00033560800984455685
2025-07-11,0.013365876276487443,0.00267685906167614,-0.008396714329175547,-0.005004234352143921,-0.0058671673316123,-0.005201560468140465,-0.00330441966129702,-0.006278510815715954,-0.002601727547091315,-0.006069523634357199,-0.0029095792300805057
2025-07-12,-0.0009313487692351741,-0.004984590013247137,-0.013560778057311262,,,,,,,,
2025-07-13,0.014115285557957602,0.009852701936237773,0.002861408310524949,,,,,,,,
2025-07-14,0.0061520609152243555,0.01383946888725962,0.0063887855104824975,0.0017796347879912577,0.002045955303745739,0.00043572984749462584,0.0014504765851637291,0.001530184115701605,0.0036519198664439756,-0.00027757216876389545,-0.0010101010101010166
2025-07-15,-0.017370311664806737,0.04096160927242387,0.010970724191063264,-0.005097706032285432,-0.005497094392963753,-0.003266550522648015,0.007241878750258612,0.005815672745194789,0.0006237654641854107,-0.003609440074039849,-0.0051679586563306845
2025-07-16,0.007641598469846356,0.07492327940318844,0.05901359507407178,0.00395931992857701,0.002684775742261447,0.001747869783701006,0.004724732949876742,-0.014014112112896937,0.0029090909090909722,0.001579045142114044,0.004968944099378758
2025-07-17,0.004988217221057356,0.03161761218100745,0.013125323815554646,0.005103618929786613,0.00740274058906909,0.001853871319520195,0.0057248006542629515,0.019133286949607475,0.007148036879726538,0.002411202819252667,-0.017867176087200676
2025-07-18,-0.010485464145529533,0.020087534520959682,0.007670890391499485,-0.0008462840436989083,-0.00039086929330833797,0.0012147599869380965,-0.0022362268753811643,-0.003413468571707212,0.0005142974696563662,0.0018503099269127077,0.0024027459954232278
2025-07-19,-0.0009225316580109277,0.012572999743638125,-0.0016916657268524204,,,,,,,,
2025-07-20,-0.005100913656094108,0.04571126505856493,0.025305015815634935,,,,,,,,
2025-07-21,0.0009895774285306747,0.0013701910285743857,0.07883428823270155,0.0024640024640023572,-0.00101665754281699,0.0034615618775928336,0.006519967400163029,0.001223271517345914,0.0029813920016450446,0.003878474466709747,0.00650610660883455
2025-07-22,0.022120895565729715,-0.004019926934573315,0.05091150487667884,0.00276518933865888,0.0028182245185532917,0.0021668472372697867,0.0006072874493927571,-0.006646466621053726,-0.006047560475604841,0.0023916842976727803,0.00034021320027211033
2025-07-23,-0.010130936172219385,-0.031552944817025974,-0.0792517006802721,0.011489850631941856,0.007650273224043769,-0.0017297297297297343,0.010115314586283564,0.008412870215487533,0.00938434567391977,-0.0015600624024960652,0.00011336583153820357
2025-07-24,-0.003479492206240553,0.02155720951756579,-0.03446092142065549,-0.0026505111700115824,,-0.001299545159194282,-0.0054075705988384515,0.0022442308630532537,0.0019411524315489093,-0.0014705882352941124,-0.0017002947177509053
2025-07-25,-0.006450921408170274,0.004648654478779157,0.0210428508963707,0.0021260440394836877,0.005810350170436962,0.0030362177401865864,-0.003020539669754352,0.002093170423015156,0.0049964311206283085,0.003221649484536071,-0.0013625525150449125
2025-07-26,0.0028593951354067837,0.004621776565821412,-0.010010170761736603,,,,,,,,
2025-07-27,0.01268029746299959,0.03496070060324974,0.020384989726397906,,,,,,,,
2025-07-28,-0.011676423456743024,-0.019220840905336156,-0.029569180223623648,-0.005000757690559188,-0.00061619040283456,-0.0017297297297297343,-0.006665320137345998,0.00850092295734961,0.0035511363636362425,-0.0020185338104413697,-0.0035247299602046978
2025-07-29,-0.0011620167223691524,-0.0015949634948123625,-0.009119204936383962,-0.0018275967103257296,-0.000693641618497165,0.005198180636777128,0.00040666937779598733,0.004142382351524532,-0.004448488524921634,0.006619472280959826,0.0009128251939753973
2025-07-30,-0.0008754094154336256,0.004492012442663507,-0.020390168632205552,-0.0035093072932560476,-0.0008483726669750169,-0.0025856496444731647,-0.007317073170731714,0.004413105003117979,0.002843505636234367,-0.0037446342131701726,-0.004103967168262557
2025-07-31,-0.017559342833731395,-0.029490032647148334,-0.03133438343834383,-0.005282498851630679,-0.0073330760324200606,,-0.005733005733005725,0.0022923730837194345,-0.001924050632911345,0.0002750275027503246,0.0003434065934067032
2025-08-01,-0.021703312674988595,-0.05724066878128331,-0.055345838898890776,-0.011698606942199707,-0.013685847589424482,0.004536616979909258,-0.007413509060955503,-0.0295897460332587,-0.01826298701298701,0.004765832645953649,0.006865774116031398
2025-08-02,-0.006233977193386586,-0.026844386313636615,-0.025820730357801525,,,,,,,,
2025-08-03,0.014865374701202416,0.03080346616364049,0.022466237536286737,,,,,,,,
2025-08-04,0.007320532819778958,0.06392341542499813,0.04659918528576701,0.0140175998753993,0.017896562598549437,0.0010193548387098517,0.010373443983402453,0.011931650790533377,0.019016122364613475,0.0017331022530329143,0.0017047391749063223
2025-08-05,-0.008160668429060491,-0.029374850505392458,-0.032434982603054774,-0.001996774441287319,-0.005654093408721361,0.0004855265815060239,0.002874743326488627,-0.0023776020185356517,-0.007099391480730133,0.0007284647605172445,0.0023825731790334537
2025-08-06,0.008026082929238232,0.0199996123569528,0.024806485036874548,0.0065409772989613035,0.005218881445708146,-0.000214730513205863,0.004709254709254651,0.0021400778210116655,0.011338100102145088,-0.0002729754322111644,0.00011318619128464213
2025-08-07,0.021617710968632853,0.06175145230468537,0.04323777804210782,0.0018348623853210455,0.00015497869043001877,-0.0012886597938144284,0.008355410637864269,0.0021840419336052186,-0.003534996465003659,-0.001001183216528645,0.0013580805794477513
2025-08-08,-0.007077364864836233,0.025495489967478635,0.008152328829599265,0.005876068376068355,0.005965755016657637,-0.001935483870967869,-0.0008084074373484462,0.002808852728945599,0.006790999391850905,-0.0031887755102041337,-0.002373417721519111
2025-08-09,-0.001639302254409114,0.0626925953627524,0.017643067179371252,,,,,,,,
2025-08-10,0.02418061041005992,-0.0024750965404954917,0.015225605690153188,,,,,,,,
2025-08-11,-0.005092056055614025,-0.006451218393616065,-0.0427476737821566,-0.0026553372278278475,-0.003850893407270517,0.0006464124111182912,-0.0028317152103559673,0.006036605978654519,-0.0015101177891875261,0.001553788501965192,-0.0005664438654130466
2025-08-12,0.011889790419423951,0.08649585274400651,0.09628909600320212,0.011942796287844226,0.011056131127261448,0.0017226528854437095,0.012170385395537497,0.0002400153609831701,0.011191772534785205,0.000912575287461248,0.0002267059623668466
2025-08-13,0.027078210734242658,0.03520353473293425,0.05158295519741318,0.005036457941817618,0.00604114093446495,0.0036543422184005525,0.012024048096192397,0.0011997888371646503,-0.0015953734170905953,0.005288110867979645,0.00498640072529466
2025-08-14,-0.04033408656852,-0.0422754269214094,-0.044688026981450246,-0.0023934181002243093,-0.0028884159318941505,-0.00278432212465185,-0.012277227722772177,0.005272744703288312,0.001298312194147666,-0.003446399419553825,-0.004285069914298667
2025-08-15,-0.008048244700830987,-0.023739778797914113,-0.035044909402419444,,-0.003964018905321054,-0.0012886597938144284,0.001202886928628688,-0.0027179095937439612,-0.002892479553161853,-0.001274117218784121,0.0009060022650055899
2025-08-16,0.00015940467123787272,-0.003923413527335606,0.020768320241041582,,,,,,,,
2025-08-17,0.00028027593046164867,0.01137593697812278,0.0075374235715792715,,,,,,,,
2025-08-18,-0.010229418003108504,-0.035772779171796554,-0.04253204289824741,0.0005248163142899109,0.00045920710240321405,-0.0017204301075268713,0.005806968362034315,0.0016734401147502354,0.0009002700810243347,-0.0018224895206851999,-0.004525910839556335
2025-08-19,-0.029500950925109515,-0.055494662103133696,-0.03726368702874017,-0.004571000374672063,-0.003059975520195879,0.0023696682464455776,-0.00816245271749938,-0.000143198090692076,-0.012392564461323308,0.0015519444951614947,0.002273243919072465
2025-08-20,0.01258070115604637,0.06391732848531251,0.0667423382519865,-0.0012797350195725699,-0.001688152240638452,-0.00021491510853210993,-0.0014050582095543884,-0.005585525373561828,-0.0044525399716656144,0.0004557469692827443,
2025-08-21,-0.0157137106654065,-0.025823203986707788,-0.0409129602042988,-0.003617999547749995,-0.003612605687932313,-0.003009458297506429,-0.002211055276381879,0.0038406144983196278,-0.004269160398455041,-0.003826530612244916,-0.0036289408029031023
2025-08-22,0.03937027194984366,0.14364304770110992,0.11288622621623112,0.017096603373931485,0.015737097894005903,0.006899525657610983,0.019943593875906496,0.005308464849354433,0.016129032258064724,0.007865374062557162,0.0068290462098794524
2025-08-23,-0.01304274413157347,-0.011282817661718347,0.017146844781178228,,,,,,,,
2025-08-24,-0.01651764670399769,0.0006573534614684462,0.009408997353719473,,,,,,,,
2025-08-25,-0.029523431854632576,-0.08428053482626086,-0.09112535197591987,-0.006545184083302291,-0.0048606364395836765,-0.0021413276231263545,-0.005727829350187563,-0.0009514295228582048,-0.0017078561382358748,-0.0026315789473684292,
2025-08-26,0.015075856455421643,0.051318020022755206,0.046258212702312784,0.0026203488807365893,0.003892238418682581,0.000429184549356032,-0.0025824394119984273,-0.002047521546592934,0.005736137667303964,0.0007278682558455873,-0.001808727108297492
2025-08-27,-0.004784055105730878,-0.0205774463017534,0.03604431510695871,0.00044802867383508804,0.0032689676144139757,0.0008580008580008069,-0.005974905397331254,0.007968317587556006,0.001500900540324146,0.00036366942449328477,-0.002151755379388498
2025-08-28,0.011879567340124408,0.0009651760059463665,0.05666978761149166,0.003955814300641958,0.003334091081306445,0.001285897985426443,0.003806852334201638,-0.0028402366863905515,0.005295234289139694,0.0015450331727711042,0.005107252298263587
2025-08-29,-0.037277686801270415,-0.03349367144725479,-0.04351070279345248,-0.005501449706341366,-0.0055887017596858435,-0.0027825342465752634,-0.004790419161676662,-0.0069784001898884895,-0.011230371695488017,-0.003629764065335772,-0.0005645889792230685
2025-08-30,0.004148523431623419,0.0032980138525755542,-0.011506582155046297,,,,,,,,
2025-08-31,-0.005329330439345803,0.003961523163366509,-0.010407418368353571,,,,,,,,
2025-09-01,0.009169688663849929,-0.017566389110887926,-0.016498031201714558,,,,,0.002294674443063416,,,-0.0011298158400182556
2025-09-02,0.018375868667816153,0.00273711631701401,0.062436651125076015,-0.007176496972415403,-0.00843016632490301,-0.006009873363382767,-0.0008022462896108973,-0.010874749594581679,-0.008644084832646448,-0.006830601092896127,-0.0029408437959506095
2025-09-03,0.0045706014870927625,0.029083084290789207,0.005676397634039487,0.003689481213764001,0.005821078431372584,0.004102785575469614,0.0038137294259332766,0.00660623010897865,0.009834735881577572,0.0059605685465382585,0.002609188882586544
2025-09-04,-0.009266761521777633,-0.03459482526277957,-0.040364274533984834,0.0071267816954236896,0.005635089856838249,0.006021505376344161,-0.0031993601279742823,0.008574850299401193,0.009337349397590344,0.006836827711941718,0.0006788866259335169
2025-09-05,-0.000458540803402796,0.002158957930564309,0.005189798339264584,0.0009683426443203302,0.00030289262456451027,0.004690038477981995,0.012036108324974926,-0.007077039992400391,-0.0007957823535262865,0.006518786781348984,0.00927182270465865
2025-09-06,-0.0041331880124355624,-0.007776862094181269,-0.01568569602202885,,,,,,,,
2025-09-07,0.008320373532608727,0.007348829591848904,0.03077230492556704,,,,,,,,
2025-09-08,0.008485227294507736,6.503219093434431e-05,0.03785015023747218,0.005432356005358185,0.0024981074943226655,0.003204296225058023,0.009117938553022675,0.006457785218847212,0.005176704828272705,0.0035081406854367003,0.0003360967958772054
2025-09-09,-0.004668849835423594,0.0009498727309886768,0.014522530936259548,0.0009621789652876078,,-0.001908801696712592,0.0054999017874681755,-9.505703422063583e-05,0.0046548479746459925,-0.0017927572606669662,-0.0016799193638705745
2025-09-10,0.021825771775211056,0.009297134756248937,0.03166712694467466,0.0021443359952675323,7.551159102914262e-05,0.0025499362515937207,0.0068372729048642444,0.005561365148778474,0.009562302839116743,0.002963362068965525,0.0003365492483733412
2025-09-11,0.013651305530067104,0.025404597701149445,0.02101365218167217,0.009887109864974652,0.011703412866203688,0.004239084357778866,0.014551804423748482,0.006334199952729769,0.004687042281027232,0.004655743575969096,0.0031400695301111448
2025-09-12,0.004898996018694923,0.05697778953527721,0.05903430194450521,-0.0019726748009060158,-0.0026121352339728565,-0.0016884761502744539,-0.0005737234652897216,0.00042275353468923527,0.0014578676256196132,-0.0017823723375812728,-0.0030184460592510565
2025-09-13,-0.0011858126576198558,-0.009684685640109714,0.0005776530780656763,,,,,,,,
2025-09-14,-0.00564136680395988,-0.013508245877061453,-0.010886597938144282,,,,,,,,
2025-09-15,0.0005805879990596896,-0.01766635619733692,-0.022971733511214953,0.005636896046852247,0.004265190062855639,0.0016913319238902602,0.0072713356295446285,0.0013616302000187819,0.009899068322981375,0.0031247210070528553,0.0031397174254317317
2025-09-16,0.01257987878081912,-0.004831409020987776,0.011350544058032819,-0.00036398049064578775,-0.0061098278816781315,0.00042211903756861346,0.00740881458966558,-0.008393116706522319,-0.0024985585239285513,-0.0008899964400141958,0.0027945450480661993
2025-09-17,-0.0029799911942356427,0.01987030004219692,0.033331926922914645,-0.0014564520827263783,-0.0002998725541644154,-0.0021097046413502962,0.0043371676409578175,-0.000803858520900258,-0.005009633911367994,-0.0017815784785319977,0.0011147029316687096
2025-09-18,-0.00194034566001966,0.0017682272215531203,0.0009391204932422959,,,,,,,,
